# system info Computer_System on 2023.12.06.17:14:56
system_info:
name,value
DEVICE,5CSEMA5F31C6
DEVICE_FAMILY,Cyclone V
GENERATION_ID,1701904382
#
#
# Files generated for Computer_System on 2023.12.06.17:14:56
files:
filepath,kind,attributes,module,is_top
simulation/Computer_System.v,VERILOG,,Computer_System,true
simulation/submodules/Computer_System_ARM_A9_HPS.v,VERILOG,,Computer_System_ARM_A9_HPS,false
simulation/submodules/Computer_System_HEX3_HEX0.v,VERILOG,,Computer_System_HEX3_HEX0,false
simulation/submodules/Computer_System_SDRAM.v,VERILOG,,Computer_System_SDRAM,false
simulation/submodules/Computer_System_SDRAM_test_component.v,VERILOG,,Computer_System_SDRAM,false
simulation/submodules/Computer_System_Slider_Switches.v,VERILOG,,Computer_System_Slider_Switches,false
simulation/submodules/Computer_System_System_PLL.v,VERILOG,,Computer_System_System_PLL,false
simulation/submodules/Computer_System_fpga_ack.v,VERILOG,,Computer_System_fpga_ack,false
simulation/submodules/Computer_System_fpga_output_data.v,VERILOG,,Computer_System_fpga_output_data,false
simulation/submodules/Computer_System_hps_fclk.v,VERILOG,,Computer_System_hps_fclk,false
simulation/submodules/Computer_System_hps_input_addr.v,VERILOG,,Computer_System_hps_input_addr,false
simulation/submodules/Computer_System_hps_input_data.v,VERILOG,,Computer_System_hps_input_data,false
simulation/submodules/Computer_System_mm_interconnect_0.v,VERILOG,,Computer_System_mm_interconnect_0,false
simulation/submodules/Computer_System_mm_interconnect_1.v,VERILOG,,Computer_System_mm_interconnect_1,false
simulation/submodules/Computer_System_irq_mapper.sv,SYSTEM_VERILOG,,Computer_System_irq_mapper,false
simulation/submodules/altera_reset_controller.v,VERILOG,,altera_reset_controller,false
simulation/submodules/altera_reset_synchronizer.v,VERILOG,,altera_reset_controller,false
simulation/submodules/altera_reset_controller.sdc,SDC,,altera_reset_controller,false
simulation/submodules/verbosity_pkg.sv,SYSTEM_VERILOG, COMMON_SYSTEMVERILOG_PACKAGE=avalon_vip_verbosity_pkg,Computer_System_ARM_A9_HPS_fpga_interfaces,false
simulation/submodules/avalon_utilities_pkg.sv,SYSTEM_VERILOG, COMMON_SYSTEMVERILOG_PACKAGE=avalon_vip_avalon_utilities_pkg,Computer_System_ARM_A9_HPS_fpga_interfaces,false
simulation/submodules/avalon_mm_pkg.sv,SYSTEM_VERILOG, COMMON_SYSTEMVERILOG_PACKAGE=avalon_vip_avalon_mm_pkg,Computer_System_ARM_A9_HPS_fpga_interfaces,false
simulation/submodules/altera_avalon_mm_slave_bfm.sv,SYSTEM_VERILOG,,Computer_System_ARM_A9_HPS_fpga_interfaces,false
simulation/submodules/questa_mvc_svapi.svh,SYSTEM_VERILOG,,Computer_System_ARM_A9_HPS_fpga_interfaces,false
simulation/submodules/mgc_common_axi.sv,SYSTEM_VERILOG,,Computer_System_ARM_A9_HPS_fpga_interfaces,false
simulation/submodules/mgc_axi_master.sv,SYSTEM_VERILOG,,Computer_System_ARM_A9_HPS_fpga_interfaces,false
simulation/submodules/mgc_axi_slave.sv,SYSTEM_VERILOG,,Computer_System_ARM_A9_HPS_fpga_interfaces,false
simulation/submodules/altera_avalon_interrupt_sink.sv,SYSTEM_VERILOG,,Computer_System_ARM_A9_HPS_fpga_interfaces,false
simulation/submodules/altera_avalon_clock_source.sv,SYSTEM_VERILOG,,Computer_System_ARM_A9_HPS_fpga_interfaces,false
simulation/submodules/altera_avalon_reset_source.sv,SYSTEM_VERILOG,,Computer_System_ARM_A9_HPS_fpga_interfaces,false
simulation/submodules/Computer_System_ARM_A9_HPS_fpga_interfaces.sv,SYSTEM_VERILOG,,Computer_System_ARM_A9_HPS_fpga_interfaces,false
simulation/submodules/Computer_System_ARM_A9_HPS_hps_io.v,VERILOG,,Computer_System_ARM_A9_HPS_hps_io,false
simulation/submodules/Computer_System_System_PLL_sys_pll.vo,VERILOG,,Computer_System_System_PLL_sys_pll,false
simulation/submodules/altera_up_avalon_reset_from_locked_signal.v,VERILOG,,altera_up_avalon_reset_from_locked_signal,false
simulation/submodules/altera_merlin_slave_translator.sv,SYSTEM_VERILOG,,altera_merlin_slave_translator,false
simulation/submodules/altera_merlin_axi_master_ni.sv,SYSTEM_VERILOG,,altera_merlin_axi_master_ni,false
simulation/submodules/altera_merlin_address_alignment.sv,SYSTEM_VERILOG,,altera_merlin_axi_master_ni,false
simulation/submodules/altera_merlin_slave_agent.sv,SYSTEM_VERILOG,,altera_merlin_slave_agent,false
simulation/submodules/altera_merlin_burst_uncompressor.sv,SYSTEM_VERILOG,,altera_merlin_slave_agent,false
simulation/submodules/altera_avalon_sc_fifo.v,VERILOG,,altera_avalon_sc_fifo,false
simulation/submodules/Computer_System_mm_interconnect_0_router.sv,SYSTEM_VERILOG,,Computer_System_mm_interconnect_0_router,false
simulation/submodules/Computer_System_mm_interconnect_0_router_002.sv,SYSTEM_VERILOG,,Computer_System_mm_interconnect_0_router_002,false
simulation/submodules/altera_merlin_burst_adapter.sv,SYSTEM_VERILOG,,altera_merlin_burst_adapter,false
simulation/submodules/altera_merlin_burst_adapter_uncmpr.sv,SYSTEM_VERILOG,,altera_merlin_burst_adapter,false
simulation/submodules/altera_merlin_burst_adapter_13_1.sv,SYSTEM_VERILOG,,altera_merlin_burst_adapter,false
simulation/submodules/altera_merlin_burst_adapter_new.sv,SYSTEM_VERILOG,,altera_merlin_burst_adapter,false
simulation/submodules/altera_incr_burst_converter.sv,SYSTEM_VERILOG,,altera_merlin_burst_adapter,false
simulation/submodules/altera_wrap_burst_converter.sv,SYSTEM_VERILOG,,altera_merlin_burst_adapter,false
simulation/submodules/altera_default_burst_converter.sv,SYSTEM_VERILOG,,altera_merlin_burst_adapter,false
simulation/submodules/altera_merlin_address_alignment.sv,SYSTEM_VERILOG,,altera_merlin_burst_adapter,false
simulation/submodules/altera_avalon_st_pipeline_stage.sv,SYSTEM_VERILOG,,altera_merlin_burst_adapter,false
simulation/submodules/altera_avalon_st_pipeline_base.v,SYSTEM_VERILOG,,altera_merlin_burst_adapter,false
simulation/submodules/Computer_System_mm_interconnect_0_cmd_demux.sv,SYSTEM_VERILOG,,Computer_System_mm_interconnect_0_cmd_demux,false
simulation/submodules/Computer_System_mm_interconnect_0_cmd_mux.sv,SYSTEM_VERILOG,,Computer_System_mm_interconnect_0_cmd_mux,false
simulation/submodules/altera_merlin_arbitrator.sv,SYSTEM_VERILOG,,Computer_System_mm_interconnect_0_cmd_mux,false
simulation/submodules/Computer_System_mm_interconnect_0_rsp_demux.sv,SYSTEM_VERILOG,,Computer_System_mm_interconnect_0_rsp_demux,false
simulation/submodules/Computer_System_mm_interconnect_0_rsp_mux.sv,SYSTEM_VERILOG,,Computer_System_mm_interconnect_0_rsp_mux,false
simulation/submodules/altera_merlin_arbitrator.sv,SYSTEM_VERILOG,,Computer_System_mm_interconnect_0_rsp_mux,false
simulation/submodules/altera_merlin_width_adapter.sv,SYSTEM_VERILOG,,altera_merlin_width_adapter,false
simulation/submodules/altera_merlin_address_alignment.sv,SYSTEM_VERILOG,,altera_merlin_width_adapter,false
simulation/submodules/altera_merlin_burst_uncompressor.sv,SYSTEM_VERILOG,,altera_merlin_width_adapter,false
simulation/submodules/Computer_System_mm_interconnect_0_avalon_st_adapter.v,VERILOG,,Computer_System_mm_interconnect_0_avalon_st_adapter,false
simulation/submodules/Computer_System_mm_interconnect_1_router.sv,SYSTEM_VERILOG,,Computer_System_mm_interconnect_1_router,false
simulation/submodules/Computer_System_mm_interconnect_1_router_002.sv,SYSTEM_VERILOG,,Computer_System_mm_interconnect_1_router_002,false
simulation/submodules/altera_merlin_traffic_limiter.sv,SYSTEM_VERILOG,,altera_merlin_traffic_limiter,false
simulation/submodules/altera_merlin_reorder_memory.sv,SYSTEM_VERILOG,,altera_merlin_traffic_limiter,false
simulation/submodules/altera_avalon_sc_fifo.v,SYSTEM_VERILOG,,altera_merlin_traffic_limiter,false
simulation/submodules/altera_avalon_st_pipeline_base.v,SYSTEM_VERILOG,,altera_merlin_traffic_limiter,false
simulation/submodules/Computer_System_mm_interconnect_1_cmd_demux.sv,SYSTEM_VERILOG,,Computer_System_mm_interconnect_1_cmd_demux,false
simulation/submodules/Computer_System_mm_interconnect_1_cmd_mux.sv,SYSTEM_VERILOG,,Computer_System_mm_interconnect_1_cmd_mux,false
simulation/submodules/altera_merlin_arbitrator.sv,SYSTEM_VERILOG,,Computer_System_mm_interconnect_1_cmd_mux,false
simulation/submodules/Computer_System_mm_interconnect_1_rsp_demux.sv,SYSTEM_VERILOG,,Computer_System_mm_interconnect_1_rsp_demux,false
simulation/submodules/Computer_System_mm_interconnect_1_rsp_mux.sv,SYSTEM_VERILOG,,Computer_System_mm_interconnect_1_rsp_mux,false
simulation/submodules/altera_merlin_arbitrator.sv,SYSTEM_VERILOG,,Computer_System_mm_interconnect_1_rsp_mux,false
simulation/submodules/Computer_System_mm_interconnect_1_avalon_st_adapter.v,VERILOG,,Computer_System_mm_interconnect_1_avalon_st_adapter,false
simulation/submodules/verbosity_pkg.sv,SYSTEM_VERILOG, COMMON_SYSTEMVERILOG_PACKAGE=avalon_vip_verbosity_pkg,Computer_System_ARM_A9_HPS_hps_io_border,false
simulation/submodules/avalon_utilities_pkg.sv,SYSTEM_VERILOG, COMMON_SYSTEMVERILOG_PACKAGE=avalon_vip_avalon_utilities_pkg,Computer_System_ARM_A9_HPS_hps_io_border,false
simulation/submodules/avalon_mm_pkg.sv,SYSTEM_VERILOG, COMMON_SYSTEMVERILOG_PACKAGE=avalon_vip_avalon_mm_pkg,Computer_System_ARM_A9_HPS_hps_io_border,false
simulation/submodules/altera_avalon_mm_slave_bfm.sv,SYSTEM_VERILOG,,Computer_System_ARM_A9_HPS_hps_io_border,false
simulation/submodules/altera_avalon_interrupt_sink.sv,SYSTEM_VERILOG,,Computer_System_ARM_A9_HPS_hps_io_border,false
simulation/submodules/altera_avalon_clock_source.sv,SYSTEM_VERILOG,,Computer_System_ARM_A9_HPS_hps_io_border,false
simulation/submodules/altera_avalon_reset_source.sv,SYSTEM_VERILOG,,Computer_System_ARM_A9_HPS_hps_io_border,false
simulation/submodules/Computer_System_ARM_A9_HPS_hps_io_border_memory.sv,SYSTEM_VERILOG,,Computer_System_ARM_A9_HPS_hps_io_border,false
simulation/submodules/Computer_System_ARM_A9_HPS_hps_io_border_hps_io.sv,SYSTEM_VERILOG,,Computer_System_ARM_A9_HPS_hps_io_border,false
simulation/submodules/Computer_System_ARM_A9_HPS_hps_io_border.sv,SYSTEM_VERILOG,,Computer_System_ARM_A9_HPS_hps_io_border,false
simulation/submodules/Computer_System_mm_interconnect_0_avalon_st_adapter_error_adapter_0.sv,SYSTEM_VERILOG,,Computer_System_mm_interconnect_0_avalon_st_adapter_error_adapter_0,false
simulation/submodules/Computer_System_mm_interconnect_1_avalon_st_adapter_error_adapter_0.sv,SYSTEM_VERILOG,,Computer_System_mm_interconnect_1_avalon_st_adapter_error_adapter_0,false
#
# Map from instance-path to kind of module
instances:
instancePath,module
Computer_System.ARM_A9_HPS,Computer_System_ARM_A9_HPS
Computer_System.ARM_A9_HPS.fpga_interfaces,Computer_System_ARM_A9_HPS_fpga_interfaces
Computer_System.ARM_A9_HPS.hps_io,Computer_System_ARM_A9_HPS_hps_io
Computer_System.ARM_A9_HPS.hps_io.border,Computer_System_ARM_A9_HPS_hps_io_border
Computer_System.HEX3_HEX0,Computer_System_HEX3_HEX0
Computer_System.SDRAM,Computer_System_SDRAM
Computer_System.Slider_Switches,Computer_System_Slider_Switches
Computer_System.System_PLL,Computer_System_System_PLL
Computer_System.System_PLL.sys_pll,Computer_System_System_PLL_sys_pll
Computer_System.System_PLL.reset_from_locked,altera_up_avalon_reset_from_locked_signal
Computer_System.fpga_ack,Computer_System_fpga_ack
Computer_System.fpga_done,Computer_System_fpga_ack
Computer_System.fpga_output_data,Computer_System_fpga_output_data
Computer_System.hps_fclk,Computer_System_hps_fclk
Computer_System.hps_reset,Computer_System_hps_fclk
Computer_System.hps_valid,Computer_System_hps_fclk
Computer_System.hps_input_addr,Computer_System_hps_input_addr
Computer_System.hps_input_data,Computer_System_hps_input_data
Computer_System.mm_interconnect_0,Computer_System_mm_interconnect_0
Computer_System.mm_interconnect_0.SDRAM_s1_translator,altera_merlin_slave_translator
Computer_System.mm_interconnect_0.ARM_A9_HPS_h2f_axi_master_agent,altera_merlin_axi_master_ni
Computer_System.mm_interconnect_0.SDRAM_s1_agent,altera_merlin_slave_agent
Computer_System.mm_interconnect_0.SDRAM_s1_agent_rsp_fifo,altera_avalon_sc_fifo
Computer_System.mm_interconnect_0.SDRAM_s1_agent_rdata_fifo,altera_avalon_sc_fifo
Computer_System.mm_interconnect_0.router,Computer_System_mm_interconnect_0_router
Computer_System.mm_interconnect_0.router_001,Computer_System_mm_interconnect_0_router
Computer_System.mm_interconnect_0.router_002,Computer_System_mm_interconnect_0_router_002
Computer_System.mm_interconnect_0.SDRAM_s1_burst_adapter,altera_merlin_burst_adapter
Computer_System.mm_interconnect_0.cmd_demux,Computer_System_mm_interconnect_0_cmd_demux
Computer_System.mm_interconnect_0.cmd_demux_001,Computer_System_mm_interconnect_0_cmd_demux
Computer_System.mm_interconnect_0.cmd_mux,Computer_System_mm_interconnect_0_cmd_mux
Computer_System.mm_interconnect_0.rsp_demux,Computer_System_mm_interconnect_0_rsp_demux
Computer_System.mm_interconnect_0.rsp_mux,Computer_System_mm_interconnect_0_rsp_mux
Computer_System.mm_interconnect_0.rsp_mux_001,Computer_System_mm_interconnect_0_rsp_mux
Computer_System.mm_interconnect_0.SDRAM_s1_rsp_width_adapter,altera_merlin_width_adapter
Computer_System.mm_interconnect_0.SDRAM_s1_cmd_width_adapter,altera_merlin_width_adapter
Computer_System.mm_interconnect_0.avalon_st_adapter,Computer_System_mm_interconnect_0_avalon_st_adapter
Computer_System.mm_interconnect_0.avalon_st_adapter.error_adapter_0,Computer_System_mm_interconnect_0_avalon_st_adapter_error_adapter_0
Computer_System.mm_interconnect_1,Computer_System_mm_interconnect_1
Computer_System.mm_interconnect_1.HEX3_HEX0_s1_translator,altera_merlin_slave_translator
Computer_System.mm_interconnect_1.hps_input_addr_s1_translator,altera_merlin_slave_translator
Computer_System.mm_interconnect_1.hps_input_data_s1_translator,altera_merlin_slave_translator
Computer_System.mm_interconnect_1.hps_fclk_s1_translator,altera_merlin_slave_translator
Computer_System.mm_interconnect_1.hps_valid_s1_translator,altera_merlin_slave_translator
Computer_System.mm_interconnect_1.fpga_done_s1_translator,altera_merlin_slave_translator
Computer_System.mm_interconnect_1.fpga_output_data_s1_translator,altera_merlin_slave_translator
Computer_System.mm_interconnect_1.hps_reset_s1_translator,altera_merlin_slave_translator
Computer_System.mm_interconnect_1.fpga_ack_s1_translator,altera_merlin_slave_translator
Computer_System.mm_interconnect_1.Slider_Switches_s1_translator,altera_merlin_slave_translator
Computer_System.mm_interconnect_1.ARM_A9_HPS_h2f_lw_axi_master_agent,altera_merlin_axi_master_ni
Computer_System.mm_interconnect_1.HEX3_HEX0_s1_agent,altera_merlin_slave_agent
Computer_System.mm_interconnect_1.hps_input_addr_s1_agent,altera_merlin_slave_agent
Computer_System.mm_interconnect_1.hps_input_data_s1_agent,altera_merlin_slave_agent
Computer_System.mm_interconnect_1.hps_fclk_s1_agent,altera_merlin_slave_agent
Computer_System.mm_interconnect_1.hps_valid_s1_agent,altera_merlin_slave_agent
Computer_System.mm_interconnect_1.fpga_done_s1_agent,altera_merlin_slave_agent
Computer_System.mm_interconnect_1.fpga_output_data_s1_agent,altera_merlin_slave_agent
Computer_System.mm_interconnect_1.hps_reset_s1_agent,altera_merlin_slave_agent
Computer_System.mm_interconnect_1.fpga_ack_s1_agent,altera_merlin_slave_agent
Computer_System.mm_interconnect_1.Slider_Switches_s1_agent,altera_merlin_slave_agent
Computer_System.mm_interconnect_1.HEX3_HEX0_s1_agent_rsp_fifo,altera_avalon_sc_fifo
Computer_System.mm_interconnect_1.HEX3_HEX0_s1_agent_rdata_fifo,altera_avalon_sc_fifo
Computer_System.mm_interconnect_1.hps_input_addr_s1_agent_rsp_fifo,altera_avalon_sc_fifo
Computer_System.mm_interconnect_1.hps_input_addr_s1_agent_rdata_fifo,altera_avalon_sc_fifo
Computer_System.mm_interconnect_1.hps_input_data_s1_agent_rsp_fifo,altera_avalon_sc_fifo
Computer_System.mm_interconnect_1.hps_input_data_s1_agent_rdata_fifo,altera_avalon_sc_fifo
Computer_System.mm_interconnect_1.hps_fclk_s1_agent_rsp_fifo,altera_avalon_sc_fifo
Computer_System.mm_interconnect_1.hps_fclk_s1_agent_rdata_fifo,altera_avalon_sc_fifo
Computer_System.mm_interconnect_1.hps_valid_s1_agent_rsp_fifo,altera_avalon_sc_fifo
Computer_System.mm_interconnect_1.hps_valid_s1_agent_rdata_fifo,altera_avalon_sc_fifo
Computer_System.mm_interconnect_1.fpga_done_s1_agent_rsp_fifo,altera_avalon_sc_fifo
Computer_System.mm_interconnect_1.fpga_done_s1_agent_rdata_fifo,altera_avalon_sc_fifo
Computer_System.mm_interconnect_1.fpga_output_data_s1_agent_rsp_fifo,altera_avalon_sc_fifo
Computer_System.mm_interconnect_1.fpga_output_data_s1_agent_rdata_fifo,altera_avalon_sc_fifo
Computer_System.mm_interconnect_1.hps_reset_s1_agent_rsp_fifo,altera_avalon_sc_fifo
Computer_System.mm_interconnect_1.hps_reset_s1_agent_rdata_fifo,altera_avalon_sc_fifo
Computer_System.mm_interconnect_1.fpga_ack_s1_agent_rsp_fifo,altera_avalon_sc_fifo
Computer_System.mm_interconnect_1.fpga_ack_s1_agent_rdata_fifo,altera_avalon_sc_fifo
Computer_System.mm_interconnect_1.Slider_Switches_s1_agent_rsp_fifo,altera_avalon_sc_fifo
Computer_System.mm_interconnect_1.Slider_Switches_s1_agent_rdata_fifo,altera_avalon_sc_fifo
Computer_System.mm_interconnect_1.router,Computer_System_mm_interconnect_1_router
Computer_System.mm_interconnect_1.router_001,Computer_System_mm_interconnect_1_router
Computer_System.mm_interconnect_1.router_002,Computer_System_mm_interconnect_1_router_002
Computer_System.mm_interconnect_1.router_003,Computer_System_mm_interconnect_1_router_002
Computer_System.mm_interconnect_1.router_004,Computer_System_mm_interconnect_1_router_002
Computer_System.mm_interconnect_1.router_005,Computer_System_mm_interconnect_1_router_002
Computer_System.mm_interconnect_1.router_006,Computer_System_mm_interconnect_1_router_002
Computer_System.mm_interconnect_1.router_007,Computer_System_mm_interconnect_1_router_002
Computer_System.mm_interconnect_1.router_008,Computer_System_mm_interconnect_1_router_002
Computer_System.mm_interconnect_1.router_009,Computer_System_mm_interconnect_1_router_002
Computer_System.mm_interconnect_1.router_010,Computer_System_mm_interconnect_1_router_002
Computer_System.mm_interconnect_1.router_011,Computer_System_mm_interconnect_1_router_002
Computer_System.mm_interconnect_1.ARM_A9_HPS_h2f_lw_axi_master_wr_limiter,altera_merlin_traffic_limiter
Computer_System.mm_interconnect_1.ARM_A9_HPS_h2f_lw_axi_master_rd_limiter,altera_merlin_traffic_limiter
Computer_System.mm_interconnect_1.HEX3_HEX0_s1_burst_adapter,altera_merlin_burst_adapter
Computer_System.mm_interconnect_1.hps_input_addr_s1_burst_adapter,altera_merlin_burst_adapter
Computer_System.mm_interconnect_1.hps_input_data_s1_burst_adapter,altera_merlin_burst_adapter
Computer_System.mm_interconnect_1.hps_fclk_s1_burst_adapter,altera_merlin_burst_adapter
Computer_System.mm_interconnect_1.hps_valid_s1_burst_adapter,altera_merlin_burst_adapter
Computer_System.mm_interconnect_1.fpga_done_s1_burst_adapter,altera_merlin_burst_adapter
Computer_System.mm_interconnect_1.fpga_output_data_s1_burst_adapter,altera_merlin_burst_adapter
Computer_System.mm_interconnect_1.hps_reset_s1_burst_adapter,altera_merlin_burst_adapter
Computer_System.mm_interconnect_1.fpga_ack_s1_burst_adapter,altera_merlin_burst_adapter
Computer_System.mm_interconnect_1.Slider_Switches_s1_burst_adapter,altera_merlin_burst_adapter
Computer_System.mm_interconnect_1.cmd_demux,Computer_System_mm_interconnect_1_cmd_demux
Computer_System.mm_interconnect_1.cmd_demux_001,Computer_System_mm_interconnect_1_cmd_demux
Computer_System.mm_interconnect_1.cmd_mux,Computer_System_mm_interconnect_1_cmd_mux
Computer_System.mm_interconnect_1.cmd_mux_001,Computer_System_mm_interconnect_1_cmd_mux
Computer_System.mm_interconnect_1.cmd_mux_002,Computer_System_mm_interconnect_1_cmd_mux
Computer_System.mm_interconnect_1.cmd_mux_003,Computer_System_mm_interconnect_1_cmd_mux
Computer_System.mm_interconnect_1.cmd_mux_004,Computer_System_mm_interconnect_1_cmd_mux
Computer_System.mm_interconnect_1.cmd_mux_005,Computer_System_mm_interconnect_1_cmd_mux
Computer_System.mm_interconnect_1.cmd_mux_006,Computer_System_mm_interconnect_1_cmd_mux
Computer_System.mm_interconnect_1.cmd_mux_007,Computer_System_mm_interconnect_1_cmd_mux
Computer_System.mm_interconnect_1.cmd_mux_008,Computer_System_mm_interconnect_1_cmd_mux
Computer_System.mm_interconnect_1.cmd_mux_009,Computer_System_mm_interconnect_1_cmd_mux
Computer_System.mm_interconnect_1.rsp_demux,Computer_System_mm_interconnect_1_rsp_demux
Computer_System.mm_interconnect_1.rsp_demux_001,Computer_System_mm_interconnect_1_rsp_demux
Computer_System.mm_interconnect_1.rsp_demux_002,Computer_System_mm_interconnect_1_rsp_demux
Computer_System.mm_interconnect_1.rsp_demux_003,Computer_System_mm_interconnect_1_rsp_demux
Computer_System.mm_interconnect_1.rsp_demux_004,Computer_System_mm_interconnect_1_rsp_demux
Computer_System.mm_interconnect_1.rsp_demux_005,Computer_System_mm_interconnect_1_rsp_demux
Computer_System.mm_interconnect_1.rsp_demux_006,Computer_System_mm_interconnect_1_rsp_demux
Computer_System.mm_interconnect_1.rsp_demux_007,Computer_System_mm_interconnect_1_rsp_demux
Computer_System.mm_interconnect_1.rsp_demux_008,Computer_System_mm_interconnect_1_rsp_demux
Computer_System.mm_interconnect_1.rsp_demux_009,Computer_System_mm_interconnect_1_rsp_demux
Computer_System.mm_interconnect_1.rsp_mux,Computer_System_mm_interconnect_1_rsp_mux
Computer_System.mm_interconnect_1.rsp_mux_001,Computer_System_mm_interconnect_1_rsp_mux
Computer_System.mm_interconnect_1.avalon_st_adapter,Computer_System_mm_interconnect_1_avalon_st_adapter
Computer_System.mm_interconnect_1.avalon_st_adapter.error_adapter_0,Computer_System_mm_interconnect_1_avalon_st_adapter_error_adapter_0
Computer_System.mm_interconnect_1.avalon_st_adapter_001,Computer_System_mm_interconnect_1_avalon_st_adapter
Computer_System.mm_interconnect_1.avalon_st_adapter_001.error_adapter_0,Computer_System_mm_interconnect_1_avalon_st_adapter_error_adapter_0
Computer_System.mm_interconnect_1.avalon_st_adapter_002,Computer_System_mm_interconnect_1_avalon_st_adapter
Computer_System.mm_interconnect_1.avalon_st_adapter_002.error_adapter_0,Computer_System_mm_interconnect_1_avalon_st_adapter_error_adapter_0
Computer_System.mm_interconnect_1.avalon_st_adapter_003,Computer_System_mm_interconnect_1_avalon_st_adapter
Computer_System.mm_interconnect_1.avalon_st_adapter_003.error_adapter_0,Computer_System_mm_interconnect_1_avalon_st_adapter_error_adapter_0
Computer_System.mm_interconnect_1.avalon_st_adapter_004,Computer_System_mm_interconnect_1_avalon_st_adapter
Computer_System.mm_interconnect_1.avalon_st_adapter_004.error_adapter_0,Computer_System_mm_interconnect_1_avalon_st_adapter_error_adapter_0
Computer_System.mm_interconnect_1.avalon_st_adapter_005,Computer_System_mm_interconnect_1_avalon_st_adapter
Computer_System.mm_interconnect_1.avalon_st_adapter_005.error_adapter_0,Computer_System_mm_interconnect_1_avalon_st_adapter_error_adapter_0
Computer_System.mm_interconnect_1.avalon_st_adapter_006,Computer_System_mm_interconnect_1_avalon_st_adapter
Computer_System.mm_interconnect_1.avalon_st_adapter_006.error_adapter_0,Computer_System_mm_interconnect_1_avalon_st_adapter_error_adapter_0
Computer_System.mm_interconnect_1.avalon_st_adapter_007,Computer_System_mm_interconnect_1_avalon_st_adapter
Computer_System.mm_interconnect_1.avalon_st_adapter_007.error_adapter_0,Computer_System_mm_interconnect_1_avalon_st_adapter_error_adapter_0
Computer_System.mm_interconnect_1.avalon_st_adapter_008,Computer_System_mm_interconnect_1_avalon_st_adapter
Computer_System.mm_interconnect_1.avalon_st_adapter_008.error_adapter_0,Computer_System_mm_interconnect_1_avalon_st_adapter_error_adapter_0
Computer_System.mm_interconnect_1.avalon_st_adapter_009,Computer_System_mm_interconnect_1_avalon_st_adapter
Computer_System.mm_interconnect_1.avalon_st_adapter_009.error_adapter_0,Computer_System_mm_interconnect_1_avalon_st_adapter_error_adapter_0
Computer_System.irq_mapper,Computer_System_irq_mapper
Computer_System.irq_mapper_001,Computer_System_irq_mapper
Computer_System.rst_controller,altera_reset_controller
Computer_System.rst_controller_001,altera_reset_controller
